Miner_name,Type,Date of release,UNIX_date_of_release,Hashing Power (TH/s),Power (W),Efficiency (J/Gh),Weight in kg
Intel Core i5-650,CPU,01/01/2009,"1,230,768,000",0.0000051,73,14313.7255,
Intel Core i7-990x (overclocked),CPU,01/02/2011,"1,296,518,400",0.0000330,224,6787.8788,
Nvidia GPU GTX 570 (overclocked),GPU,01/09/2010,"1,283,299,200",0.0001550,373,2405.1613,
AMD GPU 7970 (overclocked),GPU,01/12/2011,"1,322,697,600",0.0006750,375,554.8148,
Xilinx Spartan-6s,FPGA,01/06/2011,"1,306,886,400",0.0008000,60,75.0000,
X6500 FPGA Miner,FPGA,01/08/2011,"1,312,156,800",0.0004000,17,43.0000,
Avalon 1,ASIC,01/02/2013,"1,359,676,800",0.0600000,595,9.9167,
Bitmain Antminer S1,ASIC,01/11/2013,"1,383,264,000",0.1800000,360,2.0000,
Bitmain Antminer S3,,01/07/2014,"1,404,172,800",0.4780000,366,0.7657,5.2
Bitmain Antminer S5,,01/12/2014,"1,417,392,000",1,590,0.5108,12.5
Bitmain Antminer S7,,01/09/2015,"1,441,065,600",5,"1,293",0.2734,3.9
Bitmain Antminer S9 (11.5Th),,01/06/2016,"1,464,739,200",12,"1,127",0.0980,4.2
Bitmain Antminer S7-LN,,01/06/2016,"1,464,739,200",3,697,0.2581,7.5
Bitmain Antminer R4,,01/02/2017,"1,485,907,200",9,845,0.0971,2.5
Bitmain Antminer S9 (12.5Th),,01/02/2017,"1,485,907,200",13,"1,225",0.0980,4.2
Bitmain Antminer T9 (11.5Th),,01/04/2017,"1,491,004,800",12,"1,450",0.1261,3.8
Canaan AvalonMiner 741,,01/04/2017,"1,491,004,800",7,"1,150",0.1575,4.3
Bitmain Antminer S9 (13Th),,01/07/2017,"1,498,867,200",13,"1,300",0.1000,4.2
Bitmain Antminer T9 (12.5Th),,01/08/2017,"1,501,545,600",13,"1,576",0.1261,3.8
Bitmain Antminer S9 (13.5Th),,01/09/2017,"1,504,224,000",14,"1,323",0.0980,4.2
Pantech SX6,,01/09/2017,"1,504,224,000",9,"1,000",0.1176,3
Bitmain Antminer S9 (14Th),,01/11/2017,"1,509,494,400",14,"1,372",0.0980,4.2
Bitfury B8,,01/12/2017,"1,512,086,400",49,"6,400",0.1306,37
Ebang Ebit E9+,,01/01/2018,"1,514,764,800",9,"1,300",0.1444,4.7
Bitmain Antminer T9+ (10.5Th),,01/01/2018,"1,514,764,800",11,"1,432",0.1364,4.2
MicroBT Whatsminer M3,,01/01/2018,"1,514,764,800",12,"2,000",0.1667,8.1
Bitfily Snow Panther A1,,01/01/2018,"1,514,764,800",49,"5,400",0.1102,40
Pantech WX6,,01/01/2018,"1,514,764,800",34,"5,000",0.1471,13
Ebang Ebit E10,,01/02/2018,"1,517,443,200",18,"1,650",0.0917,9.8
Canaan AvalonMiner 821,,01/02/2018,"1,517,443,200",12,"1,200",0.1043,4.7
Bitmain Antminer V9 (4Th),,01/03/2018,"1,519,862,400",4,"1,027",0.2568,3.05
MicroBT Whatsminer M3X,,01/03/2018,"1,519,862,400",13,"2,050",0.1640,7.5
Halong Mining DragonMint T1,,01/04/2018,"1,522,540,800",16,"1,480",0.0925,6
Canaan AvalonMiner 841,,01/04/2018,"1,522,540,800",14,"1,290",0.0949,4.7
ASICminer 8 Nano Pro,,01/05/2018,"1,525,132,800",76,"4,000",0.0526,68
Innosilicon T2 Terminator,,01/05/2018,"1,525,132,800",17,"1,570",0.0913,7.5
Bitmain Antminer S9i (14Th),,01/05/2018,"1,525,132,800",14,"1,320",0.0943,4.2
Bitmain Antminer S9i (13.5Th),,01/05/2018,"1,525,132,800",14,"1,310",0.0970,4.2
Bitmain Antminer S9i (13Th),,01/05/2018,"1,525,132,800",13,"1,280",0.0985,4.2
Ebang Ebit E9.2,,01/05/2018,"1,525,132,800",12,"1,320",0.1100,4.7
Ebang Ebit E9.3,,01/05/2018,"1,525,132,800",16,"1,760",0.1100,6.9
Bitfily Snow Panther B1,,01/07/2018,"1,530,403,200",16,"1,380",0.0863,4.5
Aladdin Miner 16Th/s Bitcoin,,01/07/2018,"1,530,403,200",16,"1,400",0.0875,4.48
Ebang Ebit E9i,,01/07/2018,"1,530,403,200",14,"1,420",0.1052,5.5
Innosilicon T2 Turbo,,01/08/2018,"1,533,081,600",24,"1,980",0.0825,7.5
Bitfily Snow Panther B1+,,01/08/2018,"1,533,081,600",25,"2,100",0.0857,5.7
Bitmain Antminer S9j (14.5Th),,01/08/2018,"1,533,081,600",15,"1,350",0.0931,4.2
Bitmain Antminer S9 Hydro (18Th),,01/08/2018,"1,533,081,600",18,"1,728",0.0960,5.15
MicroBT Whatsminer M10S,,01/09/2018,"1,535,760,000",55,"3,500",0.0636,10.7
MicroBT Whatsminer M10,,01/09/2018,"1,535,760,000",33,"2,145",0.0650,8.55
Innosilicon T2 Turbo+ 32T,,01/09/2018,"1,535,760,000",32,"2,200",0.0688,7.5
Canaan AvalonMiner 921,,01/09/2018,"1,535,760,000",20,"1,700",0.0850,5.5
Ebang Ebit E11++,,01/10/2018,"1,538,352,000",44,"1,980",0.0450,6
ASICminer 8 Nano 44Th,,01/10/2018,"1,538,352,000",44,"2,100",0.0477,27
Ebang Ebit E11+,,01/10/2018,"1,538,352,000",37,"2,035",0.0550,6
Ebang Ebit E11,,01/10/2018,"1,538,352,000",30,"1,950",0.0650,6
GMO miner B2,,01/10/2018,"1,538,352,000",24,"1,950",0.0813,4
Bitfury Tardis,,01/11/2018,"1,541,030,400",80,"6,300",0.0788,37
Bitmain Antminer S11 (20.5Th),,01/11/2018,"1,541,030,400",21,"1,530",0.0746,6.5
GMO miner B3,,01/11/2018,"1,541,030,400",33,"3,417",0.1035,5
Holic H22,,01/12/2018,"1,543,622,400",22,"1,700",0.0773,5
Holic H28,,01/12/2018,"1,543,622,400",28,"2,100",0.0750,5
Bitmain Antminer S15 28T,,01/12/2018,"1,543,622,400",28,"1,596",0.0570,
Bitmain Antminer T15 23T,,01/12/2018,"1,543,622,400",23,"1,541",0.0670,
Innosilicon T3 43T,,01/01/2019,"1,546,300,800",43,"2,100",0.0488,10
Innosilicon T3 39T,,01/03/2019,"1,551,398,400",39,"2,150",0.0551,8.65
Bitmain Antminer S17 Pro (53Th),,01/04/2019,"1,554,076,800",53,"2,094",0.0395,9.5
Bitmain Antminer S17 Pro (50Th),,01/04/2019,"1,554,076,800",50,"1,975",0.0395,9.5
Bitmain Antminer S17 (56Th),,01/04/2019,"1,554,076,800",56,"2,520",0.0450,9.5
Bitmain Antminer S17 (53Th),,01/04/2019,"1,554,076,800",53,"2,385",0.0450,9.5
Innosilicon T3+ 52T,,01/05/2019,"1,556,668,800",52,"2,200",0.0423,10
Bitmain Antminer T17 (40Th),,01/05/2019,"1,556,668,800",40,"2,200",0.0550,11.5
MicroBT Whatsminer M21S,,01/06/2019,"1,559,347,200",56,"3,360",0.0600,12.5
StrongU STU-U8,,01/07/2019,"1,561,939,200",46,"2,100",0.0457,8.2
Innosilicon T3,,01/07/2019,"1,561,939,200",50,"3,100",0.0620,10
Bitmain Antminer S9 SE,,01/07/2019,"1,561,939,200",16,"1,280",0.0800,4.56
MicroBT Whatsminer M21,,01/08/2019,"1,564,617,600",31,"1,860",0.0600,7.15
MicroBT Whatsminer M20S,,01/08/2019,"1,564,617,600",68,"3,360",0.0494,12.5
Bitmain Antminer S9k ,,01/08/2019,"1,564,617,600",14,"1,310",0.0970,4.2
StrongU STU-U8 Pro,,01/09/2019,"1,567,296,000",60,"2,800",0.0467,8.2
Ebang Ebit E12+,,01/09/2019,"1,567,296,000",50,"2,500",0.0500,10.5
Innosilicon T3+,,01/09/2019,"1,567,296,000",57,"3,300",0.0579,10.38
Ebang Ebit E12,,01/09/2019,"1,567,296,000",44,"2,500",0.0568,10.15
Canaan AvalonMiner 1066,,01/09/2019,"1,567,296,000",50,"3,250",0.0650,11.4
Canaan AvalonMiner 1047,,01/09/2019,"1,567,296,000",37,"2,380",0.0643,7.6
Bitmain Antminer S17e,,01/11/2019,"1,572,566,400",64,"2,880",0.0450,10.5
Bitmain Antminer T17e ,,01/11/2019,"1,572,566,400",53,"2,915",0.0550,12.21
Bitmain Antminer S17+,,01/12/2019,"1,575,158,400",73,"2,920",0.0400,11
Bitmain Antminer T17+,,01/12/2019,"1,575,158,400",64,"3,200",0.0500,10
ASICminer 8 Nano S 58Th,,01/12/2019,"1,575,158,400",58,"2,500",0.0431,27
MicroBT Whatsminer M30S,,01/04/2020,"1,585,699,200",86,"3,268",0.0380,10.5
MicroBT Whatsminer M31S,,01/04/2020,"1,585,699,200",70,"3,220",0.0460,12.5
Bitmain Antminer S19 Pro (110Th),,01/05/2020,1588291200,110,"3,250",0.0295,13.2
Bitmain Antminer S19 (95Th),,01/05/2020,1588291200,95,"3,250",0.0342,13.2
Bitmain Antminer T19 (84Th),,01/06/2020,1590969600,84,3150,0.0375,14.2
MicroBT Whatsminer M32,,01/07/2020,1593561600,62,3348,0.0540,10.5
Canaan AvalonMiner 1166 Pro,,01/08/2020,1596240000,81,3400,0.0420,12.8
Canaan AvalonMiner 1146 Pro,,01/08/2020,1596240000,63,3276,0.0520,12.8
StrongU Hornbill H8,,01/10/2020,1601510400,74,3330,0.0450,11.5
MicroBT Whatsminer M30S+,,01/10/2020,,100,3472,0.0347,
MicroBT Whatsminer M30S++,,01/10/2020,,112,3400,0.0304,
MicroBT Whatsminer M32S,,01/11/2020,1604188800,66,3432,0.0520,12.5
MicroBT Whatsminer M31S+,,01/12/2020,,80,3360,0.0420,
Canaan AvalonMiner 1246,,01/02/2021,1612137600,90,3420,0.0380,12.8
Aisen A1 Pro,,01/05/2021,1619827200,23,2200,0.0957,9
Bitmain Antminer S19j (90Th),,01/06/2021,1622505600,90,3250,0.0361,13.2
Bitmain Antminer S19j Pro (100Th),,01/06/2021,1622505600,100,3050,0.0305,13.2
Bitmain Antminer S19j Pro (104Th),,01/07/2021,,104,3068,0.0295,
Canaan AvalonMiner 1126 Pro,,01/08/2021,,68,3420,0.0503,
Bitmain Antminer T19 (88Th),,01/08/2021,,88,3344,0.0380,
Bitmain Antminer S19j Pro (96Th),,01/08/2021,,96,2832,0.0295,
Canaan Avalon 1266,,02/04/2022,,100,3500,0.0350,
MicroBT Whatsminer M50,,01/04/2022,,114,3306,0.0290,
MicroBT Whatsminer M50S,,01/04/2022,,126,3276,0.0260,
MicroBT Whatsminer M53,,01/04/2022,,230,6670,0.0290,
MicroBT Whatsminer M53S,,01/04/2022,,260,6760,0.0260,
Bitmain Antminer S19 Pro+ Hyd,,01/05/2022,,198,5445,0.0275,
Bitmain Antminer S19 XP,,01/07/2022,,140,3010,0.0215,
Bitmain Antminer T19 Hydro,,01/10/2022,,145,5451,0.0376,
Bitmain Antminer S19 Hydro ,,01/10/2022,,158,5438,0.0344,
Bitmain Antminer S19 XP Hydro ,,01/10/2022,,255,5304,0.0208,
Canaan Avalon 1346,,01/11/2022,,110,3300,0.0300,
Canaan Avalon 1366,,01/11/2022,,130,3250,0.0250,
MicroBT Whatsminer M33S++,,01/12/2022,,242,7260,0.0300,
Bitmain Antminer S19j Pro+,,01/12/2022,,122,3355,0.0275,
MicroBT Whatsminer M50S+,,01/12/2022,,136,3264,0.0240,
Bitmain Antminer S19 Pro Hydro,,01/01/2023,,177,5221,0.0295,
MicroBT WhatsMiner M56,,01/01/2023,,194,5550,0.0286,
MicroBT WhatsMiner M56S,,01/01/2023,,212,5550,0.0262,
Bitmain Antminer S19k Pro,,01/04/2023,,136,3264,0.0240,
MicroBT Whatsminer M50S++,,01/05/2023,,150,3300,0.0220,
MicroBT Whatsminer M53S++,,01/05/2023,,320,7040,0.0220,
MicroBT Whatsminer M56S++,,01/05/2023,,230,5060,0.0220,
Bitmain Antminer S19j XP,,01/06/2023,,151,3247,0.0215,
Canaan Avalon A1446,,01/09/2023,,135,3310,0.0245,
Canaan Avalon A1466,,01/09/2023,,150,3230,0.0215,
Canaan Avalon A1466I,,01/09/2023,,170,3280,0.0193,
Bitmain Antminer S21,,01/09/2023,,200,3500,0.0175,
Bitmain Antminer S21 Hyd.,,01/09/2023,,335,5360,0.0160,
MicroBT Whatsminer M63,,01/11/2023,,334,6646,0.0199,
MicroBT Whatsminer M63S,,01/11/2023,,390,7215,0.0185,
MicroBT Whatsminer M66,,01/11/2023,,280,5572,0.0199,
MicroBT Whatsminer M66S,,01/11/2023,,298,5513,0.0185,
MicroBT Whatsminer M60,,01/02/2024,,172,3422,0.0199,
MicroBT Whatsminer M60S,,01/02/2024,,186,3441,0.0185,
Bitmain Antminer T21,,01/02/2024,,190,3610,0.0190,
Bitmain Antminer T19 Pro Hyd.,,01/02/2024,,235,5170,0.0220,
Bitmain Antminer S21 Pro,,01/07/2024,,234,3531,0.0151,
Canaan Avalon A1566I,,01/07/2024,,249,4500,0.0181,
MicroBT Whatsminer M60S+,,01/07/2024,,212,3600,0.0170,
MicroBT Whatsminer M63S+,,01/07/2024,,318,5406,0.0170,
MicroBT Whatsminer M66S+,,01/07/2024,,450,7650,0.0170,
Bitmain S21 XP,,01/09/2024,,270,3650,0.0135,
Canaan Avalon A1566,,01/10/2024,,185,3420,0.0185,
Bitmain Antminer S21 XP Hyd.,,01/11/2024,,473,5676,0.0120,
Bitmain Antminer S21 XP Imm.,,01/11/2024,,300,4050,0.0135,
Bitmain Antminer S21e XP Hyd,,01/11/2024,,430,5590,0.0130,
Canaan Avalon A15XP,,01/12/2024,,206,3667,0.0178,
Canaan Avalon A15Pro,,01/01/2025,,215,3612,0.0168,
Bitmain Antminer S19 XP+ Hyd,,01/01/2025,,279,5301,0.0190,
Bitmain Antminer S21+,,01/02/2025,,216,3564,0.0165,
Bitmain Antminer S21+ Hyd,,01/02/2025,,319,4785,0.0150,
Bitmain Antminer S21 XP+ Hyd,,01/07/2025,,500,5500,0.0110,
Bitmain Antminer S23,,01/01/2026,,318,3498,0.0110,
Bitmain Antminer S23 Hyd,,01/01/2026,,580,5510,0.0095,
Bitmain Antminer S23 Imm.,,01/01/2026,,442,5304,0.0120,